INSERT INTO [Person] (Per_ID,Fname,Lname,Birth,Email,Phone,Nationality)
VALUES
  (1,'Yetta','Pate','Jun 6, 1976','mauris.eu@outlook.com','1-329-800-1861','France'),
  (1,'Candace','Singleton','Mar 31, 1984','quisque.tincidunt@protonmail.edu','(831) 813-3294','Brazil'),
  (1,'Seth','Atkins','Apr 6, 1962','et.rutrum.eu@yahoo.org','1-651-553-8887','Belgium'),
  (1,'Cyrus','Calhoun','Mar 1, 1960','amet.nulla@google.couk','(436) 868-1645','Mexico'),
  (1,'Cooper','Salazar','Aug 7, 1983','feugiat.non@aol.com','1-244-533-9435','Spain'),
  (1,'Kane','Wooten','Mar 23, 2001','etiam.gravida@outlook.net','1-662-226-1344','Spain'),
  (1,'Hilary','Collier','Sep 11, 1992','non.cursus@yahoo.ca','(443) 252-4968','Pakistan'),
  (1,'Hilda','Harper','Jan 6, 2001','sem.elit.pharetra@hotmail.ca','1-322-254-2721','Ireland'),
  (1,'Xandra','Vang','Nov 13, 1970','congue.a.aliquet@icloud.edu','1-921-863-2352','Netherlands'),
  (1,'Cullen','Massey','Apr 9, 1988','cursus.luctus@google.com','1-465-474-1589','South Africa'),
  (1,'Petra','Oliver','Jul 19, 1973','nec.diam@yahoo.ca','(722) 540-4547','Italy'),
  (1,'Oscar','Macias','Aug 28, 1957','aliquam.rutrum@outlook.net','(782) 863-1612','United States'),
  (1,'Rigel','Levine','Jun 9, 1973','turpis.in.condimentum@aol.com','(647) 570-7852','Turkey'),
  (1,'Adrienne','Parrish','Nov 13, 1956','ante.ipsum.primis@aol.org','1-512-658-3064','Russian Federation'),
  (1,'Isaac','Sampson','Jul 7, 1969','ut.nec@hotmail.com','(814) 182-6247','Canada'),
  (1,'Steven','Pate','Jul 28, 1980','quam.vel.sapien@yahoo.net','(686) 255-3294','China'),
  (1,'Melodie','Zimmerman','Jan 19, 1995','quis@outlook.net','(889) 761-2428','Belgium'),
  (1,'Lucy','Carpenter','Jun 3, 1982','quisque.fringilla.euismod@outlook.edu','(223) 266-2337','Chile'),
  (1,'Shoshana','Church','May 24, 1957','netus.et.malesuada@google.ca','(245) 247-3233','Chile'),
  (1,'Eagan','Randall','May 15, 1968','ultrices.sit@google.couk','1-446-367-5476','Ireland'),
  (1,'Ashton','Dodson','Jul 21, 1996','sapien.molestie@icloud.ca','(281) 933-0221','Italy'),
  (1,'Quynn','Jennings','Apr 15, 1991','ridiculus@protonmail.edu','(294) 248-3541','Peru'),
  (1,'Alfonso','Miles','Aug 6, 1992','class.aptent.taciti@hotmail.couk','1-627-772-4539','Canada'),
  (1,'Reed','Pierce','Aug 15, 1955','ipsum@aol.com','1-491-493-3117','Costa Rica'),
  (1,'Stacy','Finley','Jan 6, 1953','urna.justo@hotmail.couk','(252) 214-4501','Brazil'),
  (1,'Elton','Fisher','May 15, 1975','aliquet.phasellus@yahoo.net','1-687-252-4114','Mexico'),
  (1,'Dane','Walton','Sep 4, 1972','justo@google.org','1-462-431-7833','Pakistan'),
  (1,'Hilary','Dejesus','Jul 10, 1969','molestie.orci@google.net','1-677-109-0509','South Korea'),
  (1,'Ashely','Duncan','Oct 28, 1979','placerat.eget@outlook.couk','1-360-395-4640','South Korea'),
  (1,'Holmes','Steele','Nov 18, 1968','pellentesque.a@outlook.net','1-585-522-7627','Mexico'),
  (1,'Keely','Lester','Sep 27, 1953','orci.adipiscing@protonmail.ca','(567) 576-8127','South Korea'),
  (1,'Jonah','Ballard','Dec 12, 1990','aliquam.arcu@outlook.couk','(577) 444-4781','Mexico'),
  (1,'Garrett','Bernard','Jan 19, 1951','ac.arcu.nunc@yahoo.couk','(126) 272-3649','Norway'),
  (1,'Alvin','Mcleod','Jan 21, 1997','elit@icloud.org','(936) 168-1710','Poland'),
  (1,'Fuller','Park','Dec 28, 1965','eu.sem@icloud.net','(518) 332-2735','New Zealand'),
  (1,'Jonah','Benjamin','Mar 19, 1987','diam.vel.arcu@protonmail.org','(772) 505-1513','Russian Federation'),
  (1,'Regan','Armstrong','Dec 31, 1994','duis.cursus@yahoo.com','(354) 458-6537','Chile'),
  (1,'Wanda','Tucker','Feb 19, 1961','quis.turpis@yahoo.edu','(445) 342-9743','Netherlands'),
  (1,'Abel','Nieves','Sep 28, 1993','euismod@icloud.com','(852) 748-3294','Colombia'),
  (1,'Boris','Bruce','Jun 28, 2002','mauris.rhoncus@protonmail.ca','(644) 658-1677','Chile'),
  (1,'Brenna','Boyd','May 13, 1976','amet.risus.donec@google.org','(177) 544-2559','Peru'),
  (1,'Irene','Rhodes','Dec 9, 1960','tortor.dictum@aol.com','1-283-317-8326','Mexico'),
  (1,'Camille','Shelton','Jul 9, 2002','suscipit.nonummy@hotmail.org','(726) 165-9717','Austria'),
  (1,'Lael','Francis','Mar 3, 1988','vulputate.lacus@hotmail.edu','(836) 388-1213','Belgium'),
  (1,'Nyssa','Schmidt','Jun 17, 1967','interdum.ligula@outlook.ca','1-431-823-5298','Germany'),
  (1,'Caleb','Scott','Nov 2, 1963','egestas.sed@outlook.net','(486) 833-6123','Russian Federation'),
  (1,'Gil','Sanford','May 4, 2002','libero.dui@icloud.com','(315) 256-9448','Chile'),
  (1,'Erica','Ingram','Jun 16, 1992','luctus.vulputate@aol.com','(832) 236-5414','Ireland'),
  (1,'Zenaida','Allen','Sep 1, 1962','felis.ullamcorper@aol.ca','(453) 557-3821','Sweden'),
  (1,'Jacob','Holt','Apr 22, 1989','duis.a@aol.org','(455) 442-3788','Ukraine');
INSERT INTO [Person] (Per_ID,Fname,Lname,Birth,Email,Phone,Nationality)
VALUES
  (1,'Rebecca','Hammond','Oct 18, 1990','eu@google.org','1-927-364-5649','Pakistan'),
  (1,'Vance','Le','Jan 19, 1965','tellus.phasellus@yahoo.net','(505) 152-6655','Ukraine'),
  (1,'Calvin','Boyd','Jun 15, 1973','lorem.auctor@icloud.com','(585) 477-6559','Russian Federation'),
  (1,'Selma','Ward','Sep 26, 1956','ante.bibendum@outlook.ca','(604) 815-1984','Norway'),
  (1,'Yuli','Booker','May 23, 1977','fringilla.cursus@google.ca','1-313-956-1843','Indonesia'),
  (1,'Fleur','Norman','Mar 31, 1970','auctor.mauris@protonmail.couk','1-192-573-4265','Poland'),
  (1,'Miriam','Norris','Oct 6, 2001','nunc.commodo@hotmail.com','(569) 919-6689','Norway'),
  (1,'Melissa','Hendrix','Nov 4, 1990','in@outlook.com','(719) 685-3126','Australia'),
  (1,'Lucius','Landry','Oct 24, 1990','fusce@yahoo.ca','(556) 786-7095','Mexico'),
  (1,'Portia','Mccray','Oct 1, 1963','eu@outlook.org','(699) 424-9021','Russian Federation'),
  (1,'Linus','Hall','Jan 11, 1969','risus@google.edu','(774) 110-8411','Nigeria'),
  (1,'Harrison','Hensley','May 17, 1955','ac.urna@aol.edu','1-439-257-0742','Costa Rica'),
  (1,'Macon','Mejia','Apr 26, 1994','quisque.porttitor.eros@hotmail.edu','1-237-325-3227','Poland'),
  (1,'Cameron','Slater','Aug 20, 1970','magna.tellus@yahoo.ca','(828) 644-3162','Sweden'),
  (1,'Herrod','Spencer','Nov 8, 1950','odio@hotmail.couk','1-783-777-5555','Pakistan'),
  (1,'Emery','Burt','Feb 4, 1954','hendrerit@outlook.com','1-961-852-1414','Turkey'),
  (1,'Michelle','Hoffman','May 25, 1961','in@hotmail.com','(314) 613-2163','Ireland'),
  (1,'Dexter','Mann','Dec 29, 1983','turpis@google.edu','1-428-187-5939','Spain'),
  (1,'Iona','Forbes','Jan 29, 1976','vitae@hotmail.org','(958) 253-1282','Ukraine'),
  (1,'Amity','Quinn','Mar 20, 1959','dictum.magna@outlook.com','(979) 269-3894','Singapore'),
  (1,'Desirae','Erickson','Mar 5, 1993','ornare.placerat@yahoo.couk','(500) 453-5595','France'),
  (1,'Zachary','Moon','Mar 21, 1972','consectetuer@yahoo.net','(806) 493-1670','Peru'),
  (1,'Fletcher','Mccray','Mar 19, 2000','aliquam.vulputate.ullamcorper@icloud.couk','(229) 458-2256','Russian Federation'),
  (1,'Paki','Morin','Apr 22, 1951','massa.suspendisse@protonmail.edu','1-287-652-7856','France'),
  (1,'Marvin','Rivas','May 15, 1979','mattis@outlook.edu','(325) 255-2079','Peru'),
  (1,'Tana','Owen','Aug 1, 1994','malesuada.fames.ac@hotmail.couk','1-168-325-6667','Belgium'),
  (1,'Vladimir','Ray','Mar 3, 1973','malesuada.fames.ac@protonmail.couk','1-794-310-0039','Vietnam'),
  (1,'Garrett','Flowers','Sep 25, 1981','purus.gravida@icloud.couk','(242) 586-1346','South Korea'),
  (1,'Raphael','Knox','Mar 16, 1957','eu.elit@aol.com','(458) 284-3117','Canada'),
  (1,'Alvin','Larsen','Mar 26, 1976','ultrices.duis.volutpat@aol.net','(143) 396-3752','Austria'),
  (1,'Elvis','Gross','Jul 26, 1960','curabitur@icloud.ca','(664) 377-0323','France'),
  (1,'Ferris','Wong','Mar 6, 1984','nunc@protonmail.ca','1-522-551-5398','Peru'),
  (1,'Beck','Avery','Nov 9, 1971','vestibulum.accumsan.neque@outlook.ca','(310) 642-3581','Pakistan'),
  (1,'Morgan','Pierce','Mar 12, 1966','facilisis.non@outlook.net','1-431-256-5476','Ireland'),
  (1,'Chelsea','Valencia','Oct 30, 1966','ipsum.porta.elit@yahoo.ca','(301) 835-4997','United States'),
  (1,'Charity','Mcbride','Dec 5, 1989','nullam.vitae.diam@icloud.edu','1-786-473-4357','France'),
  (1,'Brennan','Mcfadden','Jul 22, 1981','ultrices@aol.net','(598) 762-6369','Ukraine'),
  (1,'Hayley','Harrell','Oct 13, 1963','leo.cras@outlook.org','(432) 550-6022','India'),
  (1,'Risa','Jacobs','Nov 13, 1995','amet@google.net','(325) 454-8579','Singapore'),
  (1,'Kitra','Johns','Feb 8, 1957','nibh@outlook.net','(168) 743-7280','Australia'),
  (1,'Idola','Washington','Jan 11, 1961','elit.a.feugiat@outlook.couk','(415) 846-8846','Italy'),
  (1,'Justina','Salinas','Jun 19, 1956','nullam.velit@aol.ca','1-628-520-5492','Philippines'),
  (1,'Genevieve','Bailey','Aug 19, 1993','luctus.curabitur.egestas@yahoo.couk','(436) 614-0285','Colombia'),
  (1,'Chastity','Bray','Jun 3, 1999','eget.venenatis.a@hotmail.edu','1-420-671-9378','Mexico'),
  (1,'Ann','Fox','Jun 1, 1975','ac.mattis@hotmail.com','(249) 377-7642','Austria'),
  (1,'Adele','Warren','Jan 24, 1970','et.magnis@icloud.org','(856) 202-7828','Colombia'),
  (1,'Mikayla','Wheeler','Aug 6, 1951','blandit@outlook.org','(211) 317-3351','New Zealand'),
  (1,'Felicia','Cote','Sep 1, 1987','lorem.lorem@hotmail.couk','(133) 522-8726','Australia'),
  (1,'Miranda','Cameron','Jan 24, 1962','euismod@protonmail.com','1-426-472-1187','United States'),
  (1,'Mara','Clarke','Jan 15, 1951','erat.in@protonmail.edu','1-896-147-0526','Austria');


INSERT INTO SpaceCompany (Comp_ID,[Name],Acronym,Country)
VALUES
	(1, 'European Space Agency','ESA','France'),
	(2, 'National Aeronautics Space Administration','NASA','EUA'),
	(3, 'Heróis do Espaço','EE','Portugal'),
	(4, 'Samsung Voyager','SV','South Korea'),
	(5, 'Outer Vladimir','Vlad','South Korea');

INSERT INTO PrivateSpaceCompany (Comp_ID,CEO)
VALUES
	(3,1),
	(5,2);

INSERT INTO PublicSpaceCompany (Comp_ID,Gov)
VALUES
	(2,'EUA'),
	(1,'France'),
	(4,'South Korea');

INSERT INTO Program(Prog_ID, [Name], Company)
VALUES
	(1,'Project Mercury',5),
	(2,'The Gemini Program',4),
	(3,'The Apollo Program',3),
	(4,'The Gemini Program',2),
	(5,'Skylab',1),
	(6,'Apollo Soyuz Test Project',5),
	(7,'Space Shuttle Era',4),
	(7,'Space Station Era',3);

INSERT INTO Mission(Mission_ID,Budget,[Description],Beg_Date,Conc_date)
VALUES
	(1,109,'Discover Minerals on outer planets', 'Feb 15, 2018','Jan 2, 2022'),
	(2,28,'Discover Water on outer planets', 'Dec 15, 2023', NULL),
	(3,15,'Atmosphere Density research', 'Mar 29, 2020', NULL),
	(4,30,'The impact of direct sunlight on biological life', 'Jan 1, 2010','Jun 7, 2018'),
	(5,240,'Mechanical Performance on OuterSpace', 'Apr 25, 2016','Apr 12,2021'),
	(6,860,'Bending light experiments near BlackHoles', 'Feb 15, 2018',NULL),
	(7,289,'BlackHoles impact on atomic cohesion', 'Jan 18, 2020','Jul 3, 2021'),
	(8,256,'Race to the edge of the Outer Rim', 'Feb 15, 2019','Nov 15, 2022'),
	(9,60,'Rescue of Lucy', 'Mar 8, 2026',NULL),
	(10,35000,'Mars Dome Construction', 'Jun 26, 2023',NULL);

INSERT INTO ProgramHasMission(Prog_ID,Mission_ID)
VALUES
	(1,1),
	(2,10),
	(3,9),
	(4,8),
	(5,7),
	(6,6),
	(7,5),
	(8,4),
	(9,3),
	(10,2);

INSERT INTO [Event](Event_ID, [Name], [Date], [Status], Mission_ID)
VALUES
	(1,'Outbreak','Jun 27, 2021','Space Dust Disease has affected most of the crew. Extending termination date by 5 months.',8),
	(2,'Limping','Jan 4, 2022','Main Ship presents structural problems.',3),
	(3,'Catastrophe','Apr 2, 2020','2 Research Ships have been sucked by the BlackHole.',6),
	(4,'Mechanical Problem','Jun 27, 2019','Main Ship Cooling System shows failure. Extending termination date by 2 weeks to solve issue.',4);

INSERT INTO Vehicle(Veh_ID, [Name], [Owner], Size, Mass, Manufacturer, [Description], [Status], [Location])
VALUES
	(4, 'OPEL Corsa Space Edition', 2, 'small', 1450, 'OPEL', 'Fast as the wind, slick as water', NULL,NULL),
	(6,'Mark I',1,'medium', 25400, 'Webbs Development','Reliable Voyager', 'Standby',NULL),
	(7,'Mark II',3,'medium', 22800, 'Reign Development','Reliable Voyager', 'Standby',NULL),
	(8,'Mark III',4,'medium', 25400, 'Markle Projects','Reliable Voyager', 'Standby',NULL),
	(8,'Mark IV',5,'medium', 25400, 'Webbs Development','Reliable Voyager', 'Standby','Mars'),
	(10,'Mark V',1,'medium', 25400, 'Webbs Development','Reliable Voyager', 'Standby',NULL),
	(9,'Mark VI',2,'medium', 25400, 'Reign Development','Reliable Voyager', 'Standby',NULL),
	(11,'Mark VII',3,'medium', 23400, 'Webbs Development','Reliable Voyager', 'Standby',NULL),
	(12,'Mark VIII',4,'medium', 25400, 'Webbs Development','Reliable Voyager', 'Standby',NULL),
	(13,'Mark IX',5,'medium', 24400, 'Markle Projects','Reliable Voyager', 'Standby','Jupiter'),
	(14,'Syrios',1,'large', 35400, 'Webbs Development','Reliable Voyager', 'Standby',NULL);

INSERT INTO LaunchVehicle(Veh_ID, Launch_Cost, Dev_Cost,Fuel,[Type],[Range],[Load])
VALUES
	(6,15,600,'B3','Outer Atmosphere Propeller', 2500,NULL),
	(7,15,600,'A3','Outer Atmosphere Propeller', 1800,NULL),
	(8,90,800,'B3','Inner Atmosphere Propeller', 2500,'2 cows'),
	(9,162,600,'B3','Outer Atmosphere Propeller', 1800,NULL),
	(10,59,960,'B3','Outer Atmosphere Propeller', 2500,NULL),
	(11,120,600,'D5','Inner Atmosphere Propeller', 1800,'3 horses'),
	(12,90,380,'C3','Outer Atmosphere Propeller', 2500,NULL),
	(13,110,600,'B3','Inner Atmosphere Propeller', 3000,NULL),
	(14,200,2500,'A1','Outer Atmosphere Propeller', 5000,NULL);

INSERT INTO LaunchSite(LaunchS_ID,[Location], Comp_ID, [Name])
VALUES
	(1,'Portugal',1,'Aveiro Propelling Station'),
	(2,'Norway',2,'SHSA'),
	(3,'Canada',3,'AJAMKI'),
	(4,'EUA',4,'LAIISHAN'),
	(5,'EUA',5,'KOLTRON'),
	(6,'RUS',1,'PROPELLED'),
	(7,'RUS',2,'International Inter Propelling Station'),
	(8,'China',3,'Grounding Propelling'),
	(9,'France',3,'Nasdar'),
	(10,'Germany',4,'KASJHS');

INSERT INTO Launch(Launch_ID, Mission_ID, LaunchS_ID, LaunchV_ID)
VALUES
	(1,2,3,4)
	(2,1,2,3)
	(3,3,1,2)
	(4,4,4,1)


INSERT INTO Astronaut(Per_ID, Num_Missions)
VALUES
	(1,10),
	(2,23),
	(3,4),
	(4,10),
	(5,10),
	(6,10),
	(7,45),
	(8,10),
	(9,10),
	(10,10),
	(11,10),
	(12,45),
	(13,10),
	(14,10),
	(15,140),
	(16,10),
	(17,10),
	(18,4),
	(19,10),
	(20,45),
	(21,10),
	(22,50),
	(23,45),
	(24,4),
	(25,10),
	(26,4),
	(27,120),
	(28,60),
	(29,10),
	(30,45);

INSERT INTO Speciality([Name],[Description])
VALUES
	('EVA Specialist', 'EVA specialists are trained for spacewalks and perform tasks outside the spacecraft, such as repairing equipment, conducting experiments, or assembling structures. They possess advanced skills in maneuvering in a spacesuit'),
	('Robotics Specialist','These specialists are proficient in operating and maintaining robotic systems used for tasks like satellite deployment, repairs, or exploration. They have a background in robotics and can troubleshoot complex systems'),
	('Communication Specialist','Communication specialists handle spacecraft communication systems, maintaining contact with mission control and coordinating data transmission. They have expertise in radio communication and data protocols'),
	('Psychologist','A psychologist supports the mental well-being of the crew during long-duration missions. They provide counseling, monitor psychological health, and develop strategies to cope with the psychological challenges of space travel'),
	('Mechanical Engineer','Mechanical Engineers play a crucial role in maintaining and troubleshooting the spacecrafts systems, such as life support, power, propulsion, and communication. They possess knowledge in mechanical, electrical, and aerospace engineering'),
	('Software Engineer','Useless Engineer who loves to go on missions so he can look at the stars');

INSERT INTO Crew(Crew_ID, Supervisor)
VALUES
	(1,3),
	(2,7),
	(3,8),
	(4,15),
	(5,26),
	(6,30),
	(7,29);

INSERT INTO CrewHasAstronaut(Crew_ID, Ast_ID,[Role])
VALUES
	(1,4,'Pilot'),
	(1,6,'Medic'),
	(1,7,'Commander'),
	(1,3,'Researcher'),
	(1,3,'Researcher'),
	(1,3,'Comms'),
	(2,25,'Pilot'),
	(2,26,'Medic'),
	(2,17,'Commander'),
	(2,13,'Researcher'),
	(2,23,'Researcher'),
	(2,3,'Comms'),
	(3,24,'Pilot'),
	(3,16,'Medic'),
	(3,7,'Commander'),
	(3,4,'Researcher'),
	(3,25,'Researcher'),
	(3,1,'Comms'),
	(4,12,'Pilot'),
	(4,15,'Medic'),
	(4,17,'Commander'),
	(4,7,'Researcher'),
	(4,9,'Researcher'),
	(4,8,'Comms'),
	(5,22,'Pilot'),
	(5,21,'Medic'),
	(5,16,'Commander'),
	(5,18,'Researcher'),
	(5,19,'Researcher'),
	(6,20,'Pilot'),
	(6,21,'Medic'),
	(6,22,'Commander'),
	(6,3,'Researcher'),
	(6,24,'Researcher'),
	(7,1,'Pilot'),
	(7,2,'Medic'),
	(7,4,'Commander'),
	(7,7,'Researcher'),
	(7,14,'Researcher'),
	(7,19,'Comms');

INSERT INTO PersonHasSpeciality(Per_ID, Speciality)
VALUES 
	(1,'EVA Specialist'),
	(2,'Robotics Specialist'),
	(3,'Communication Specialist'),
	(4,'Psychologist'),
	(5,'Mechanical Engineer'),
	(6,'Software Engineer'),
	(7,'EVA Specialist'),
  (8,'Robotics Specialist'),
  (9,'Communication Specialist'),
  (10,'EVA Specialist'),
  (11,'Psychologist'),
  (12,'EVA Specialist'),
  (13,'Mechanical Engineer'),
  (14,'EVA Specialist'),
  (15,'Robotics Specialist'),
  (16,'Communication Specialist'),
  (17,'Robotics Specialist'),
  (18,'EVA Specialist'),
  (19,'Mechanical Engineer'),
  (20,'Mechanical Engineer'),
  (21,'Robotics Specialist'),
  (22,'EVA Specialist'),
  (23,'EVA Specialist'),
  (24,'EVA Specialist'),
  (25,'Communication Specialist'),
  (26,'EVA Specialist'),
  (27,'Mechanical Engineer'),
  (28,'Robotics Specialist'),
  (29,'EVA Specialist'),
  (30,'Psychologist'),
  (31,'Robotics Specialist'),
  (32,'EVA Specialist'),
  (33,'Mechanical Engineer'),
  (34,'Robotics Specialist'),
  (35,'EVA Specialist'),
  (1,'Communication Specialist'),
  (1,'Robotics Specialist'),
  (3,'EVA Specialist'),
  (4,'Software Engineer'),
  (25,'EVA Specialist'),
  (45,'Software Engineer'),
  (81,'Psychologist'),
  (61,'EVA Specialist'),
  (34,'Psychologist'),
  (69,'Software Engineer'),
  (9,'EVA Specialist');
